Metric,Value
Accuracy,0.9505067401357867
Precision,0.9671065259117082
Recall,0.9583006442716877
